ts,cpu_usage_s,cpu_pressure_some_s,runq_wait_s,mem_bytes,cg_usage_usec,cg_press_some_total_us,node_load1
1788847920.703925524,2382.527714,12.833554,41.327458524,1.968918528e+09,2382560586,12833606,4.41
1788847922.734355808,2386.685374,12.848833,41.379338566,1.969655808e+09,2386724557,12848908,4.41
1788847924.768710236,2390.852224,12.852808,41.383318742,1.970868224e+09,2390887347,12852854,4.29
1788847926.800285745,2395.014791,12.864404,41.426584327,1.971634176e+09,2395051939,12864465,4.29
1788847928.833804526,2399.17601,12.874156,41.459188609,1.971769344e+09,2399213198,12874219,4.59
1788847930.867067040,2403.330013,12.879105,41.467370497,1.97197824e+09,2403362558,12879287,4.59
1788847932.897334164,2407.368015,12.883247,41.478435468,1.8147328e+09,2407400645,12883491,4.59
1788847934.927462127,2411.501137,12.887916,41.483985645,1.816403968e+09,2411531960,12887957,4.38
1788847936.957418001,2415.654978,12.893995,41.501564428,1.816731648e+09,2415687834,12894049,4.38
1788847938.990214943,2419.78552,12.942635,41.680020231,1.820332032e+09,2419824344,12943062,5.15
1788847941.024936256,2423.952719,12.948082,41.696550627,1.820008448e+09,2423985555,12948130,5.15
1788847943.054549750,2428.097629,12.954309,41.714391088,1.820971008e+09,2428130614,12954362,5.15
1788847945.085247595,2432.244079,12.959471,41.724565307,1.821376512e+09,2432277272,12959525,4.90
1788847947.116061565,2436.390192,12.964928,41.743355645,1.821913088e+09,2436420961,12964989,4.90
1788847949.145960979,2440.525904,12.970878,41.757359627,1.822875648e+09,2440558802,12970909,4.75
1788847951.176015179,2444.693306,12.981224,41.787949226,1.823670272e+09,2444740762,12985859,4.75
1788847953.219961032,2448.873891,12.996449,41.858164488,1.824129024e+09,2448906790,12996497,4.75
1788847955.251275469,2453.01754,13.00052,41.862837863,1.82847488e+09,2453050420,13000566,4.53
1788847957.281511126,2457.168685,13.005697,41.884565219,1.828864e+09,2457201801,13005745,4.53
1788847959.312236606,2461.320862,13.015658,41.921929338,1.829421056e+09,2461351730,13015731,4.49
1788847961.345411077,2465.472704,13.020907,41.928465202,1.830084608e+09,2465510114,13021005,4.49
1788847963.379024333,2469.619178,13.024828,41.932372503,1.830936576e+09,2469650123,13024865,4.29
1788847965.409203098,2473.785007,13.0293,41.939488084,1.831735296e+09,2473813773,13029352,4.29
1788847967.437997780,2477.924413,13.034734,41.955951006,1.831849984e+09,2477956593,13034796,4.29
1788847969.468107193,2482.063811,13.045973,41.998672754,1.832415232e+09,2482102983,13046026,4.42
1788847971.501818202,2486.219927,13.053515,42.016535728,1.832968192e+09,2486256833,13053558,4.42
1788847973.535063790,2490.371407,13.056734,42.01900006,1.834274816e+09,2490404384,13057004,4.47
1788847975.568778209,2494.513346,13.060487,42.029319318,1.834795008e+09,2494546099,13060531,4.47
1788847977.600132952,2498.655603,13.065456,42.047875891,1.835761664e+09,2498686258,13065505,4.47
1788847979.630783316,2502.812947,13.07015,42.056220722,1.836630016e+09,2502845868,13070191,4.35
1788847981.661244288,2506.960611,13.074534,42.072548964,1.836978176e+09,2506991199,13074572,4.35
1788847983.691161103,2511.088315,13.077902,42.074638517,1.845628928e+09,2511119186,13077937,4.32
1788847985.720652852,2515.225455,13.081539,42.078716377,1.84612864e+09,2515256124,13081569,4.32
1788847987.750652132,2519.366711,13.090055,42.104454021,1.846550528e+09,2519399684,13090121,4.32
1788847989.781005523,2523.513395,13.096067,42.125873265,1.847181312e+09,2523544316,13096138,4.22
1788847991.810872627,2527.648185,13.102455,42.145352429,1.847533568e+09,2527678967,13102491,4.22
1788847993.840547018,2531.789288,13.106229,42.149004142,1.848160256e+09,2531822108,13106276,4.04
1788847995.870687799,2535.93719,13.109676,42.150579026,1.848672256e+09,2535976330,13109735,4.04
1788847997.904466997,2540.089712,13.115697,42.169640905,1.84889344e+09,2540122541,13115737,4.04
1788847999.934596506,2544.236628,13.122984,42.198333764,1.849634816e+09,2544269627,13123025,4.04
1788848001.964640629,2548.380381,13.128284,42.214057677,1.850335232e+09,2548413227,13128333,4.04
1788848003.994778514,2552.519816,13.131749,42.215676882,1.85133056e+09,2552550781,13131787,3.87
1788848006.026834095,2556.662166,13.138174,42.236381112,1.852182528e+09,2556697331,13138240,3.87
1788848008.058788913,2560.80694,13.142527,42.245054939,1.852932096e+09,2560837769,13142575,3.87
1788848010.088360957,2564.946673,13.148987,42.263220203,1.853505536e+09,2564979508,13149034,3.96
1788848012.118777974,2568.860834,13.271268,42.78824965,1.853362176e+09,2568909748,13278799,3.96
1788848014.167042284,2571.990105,13.783992,44.490167326,1.854410752e+09,2572090613,13806954,5.33
1788848016.263113723,2575.080041,14.515118,46.185067686,1.855578112e+09,2575110395,14539430,5.33
1788848018.315263471,2578.297102,15.275723,47.759311521,1.855991808e+09,2578391045,15298204,50.23
1788848020.400417047,2581.4805,16.054781,49.353675327,1.856135168e+09,2581557015,16069785,50.23
1788848022.474805522,2585.256611,16.597466,50.463961312,1.857130496e+09,2585445906,16628021,50.23
1788848024.622517069,2589.264261,17.144642,51.572405796,1.857712128e+09,2589307008,17163212,93.21
1788848026.730485457,2592.592859,17.90158,53.231334824,1.8581504e+09,2592651158,17912703,93.21
1788848028.796512133,2595.94822,18.575593,54.719647721,1.858555904e+09,2596006477,18637116,92.07
1788848030.880537240,2599.161688,19.425716,56.497440519,1.859608576e+09,2599193992,19446519,92.07
1788848032.936116770,2602.723255,20.156366,57.950777291,1.860243456e+09,2602819884,20181486,92.07
1788848035.021230404,2605.919962,20.972784,59.695435475,1.860857856e+09,2606011287,21002750,109.44
1788848037.112606147,2609.436958,21.709571,61.216551112,1.861226496e+09,2609592623,21742191,109.44
1788848039.250474229,2612.869516,22.513637,62.824375455,1.862459392e+09,2612920198,22526693,127.75
1788848041.304052235,2616.312982,23.215527,64.285768916,1.863143424e+09,2616380478,23236214,127.75
1788848043.378577270,2619.436273,23.973233,66.033020241,1.862979584e+09,2619466321,24005633,133.93
1788848045.428499275,2623.005736,24.692182,67.538644621,1.881382912e+09,2623040921,24729293,133.93
1788848047.511704791,2625.868507,25.616203,69.38578488,1.881706496e+09,2625906773,25652422,133.93
1788848049.570916368,2628.771033,26.602961,71.3682015,1.882230784e+09,2629010623,26802894,128.49
1788848051.834530450,2631.834524,27.596231,73.550120365,1.882411008e+09,2631876485,27641353,128.49
1788848053.902491290,2634.637167,28.678728,75.851987059,1.882587136e+09,2634880408,28718806,125.81
1788848056.062515648,2638.552343,29.427665,77.431850377,1.883684864e+09,2638603985,29476773,125.81
1788848058.255519736,2641.698679,30.105946,79.046522391,1.88299264e+09,2642025630,30192998,139.52
1788848060.502546981,2645.462304,30.890571,80.667178953,1.883971584e+09,2645625227,30929919,139.52
1788848062.630292110,2648.179552,31.81585,82.835415865,1.884008448e+09,2648729959,31939068,139.52
1788848065.011209686,2651.564805,32.860663,85.075452618,1.884270592e+09,2651643767,32879540,178.72
1788848067.095524088,2654.65328,33.660768,86.788155391,1.88432384e+09,2654770352,33694667,178.72
1788848069.271170769,2658.004695,34.44866,88.452720851,1.88510208e+09,2658041735,34460704,202.04
1788848071.342549023,2661.244287,34.992527,89.989945083,1.885564928e+09,2661292653,35010416,202.04
1788848073.404679633,2664.379506,35.709269,91.74778193,1.88626944e+09,2664418949,35723346,203.00
1788848075.471501956,2667.595313,36.481288,93.333727229,1.886093312e+09,2667629835,36493942,203.00
1788848077.519571381,2670.88548,37.250752,94.958728705,1.88686336e+09,2670930586,37267280,203.00
1788848079.574494735,2674.157865,37.990911,96.573748065,1.887727616e+09,2674220613,38005032,196.19
1788848081.640095563,2676.972328,38.744083,98.502995711,1.887883264e+09,2677019955,38758038,196.19
1788848083.696478347,2680.253124,39.47838,100.040868462,1.888342016e+09,2680306011,39491006,213.31
1788848085.764560846,2683.40669,40.233028,101.904243235,1.889271808e+09,2683460756,40239810,213.31
1788848087.819503166,2686.428693,41.182341,103.618879493,1.890168832e+09,2686458596,41215385,213.31
1788848089.876478082,2689.880308,41.871938,105.067225464,1.890111488e+09,2690664363,42009589,209.77
1788848092.344496170,2693.941512,42.703174,106.881972341,1.890639872e+09,2694359408,42804608,209.77
1788848094.628481246,2697.742523,43.474198,108.477865039,1.891520512e+09,2697794459,43486128,217.71
1788848096.683217203,2700.439038,44.395658,110.760984213,1.892130816e+09,2700465803,44424311,217.71
1788848098.770682421,2703.535847,45.26562,112.503656167,1.89218816e+09,2703570387,45293181,211.01
1788848100.831575707,2707.037874,45.978317,113.943688691,1.89298688e+09,2707142361,45996979,211.01
1788848102.916558822,2710.690121,46.653342,115.358246026,1.894957056e+09,2710737327,46665563,211.01
1788848104.974619232,2713.96005,47.423462,116.911212,1.895436288e+09,2714005091,47440194,203.24
1788848107.036490611,2717.027241,48.018108,118.853950361,1.896833024e+09,2717077065,48031836,203.24
1788848109.141484343,2720.103403,48.848489,120.570040107,1.897357312e+09,2720136415,48884238,194.73
1788848111.206467270,2723.568421,49.321282,122.235020825,1.898016768e+09,2723692033,49358288,194.73
1788848113.376069182,2726.903197,49.938969,123.865105533,1.898020864e+09,2726975436,50005650,212.61
1788848115.473533942,2730.109118,50.779905,125.545236126,1.8987008e+09,2730153421,50823383,212.61
1788848117.543711504,2733.336131,51.575937,127.243624231,1.899483136e+09,2733363977,51606870,212.61
1788848119.591566607,2736.654829,52.301775,128.707054768,1.900240896e+09,2736689737,52312139,219.77
1788848121.639086599,2738.755094,54.101143,131.135356858,1.900408832e+09,2738798158,54137920,219.77
1788848123.710508070,2741.41976,55.061637,133.207836217,1.901154304e+09,2741480133,55071114,248.54
1788848125.772562427,2744.196093,55.878844,135.143813149,1.901469696e+09,2744245622,55896342,248.54
1788848127.847003122,2747.27073,56.709417,136.864199941,1.902030848e+09,2747309215,56746408,248.54
1788848129.915301315,2751.269642,57.620987,138.718032222,1.902452736e+09,2751515921,57657022,271.32
1788848132.453092804,2754.726022,58.371914,140.457976916,1.903271936e+09,2754777975,58386666,271.32
1788848134.513437691,2758.139369,58.964682,141.835682919,1.904279552e+09,2758197336,58983886,297.32
1788848136.623799713,2761.200927,59.841999,143.628946052,1.904500736e+09,2761256373,59865921,297.32
1788848138.688908614,2764.578373,60.589061,145.14044103,1.904959488e+09,2764617205,60625471,321.39
1788848140.800232204,2768.345107,61.352931,146.713023051,1.905856512e+09,2768533746,61365107,321.39
1788848143.012572646,2772.099802,62.000741,148.076346527,1.906507776e+09,2772152009,62046990,321.39
1788848145.095323003,2775.484674,62.813846,149.661442731,1.90646272e+09,2775507189,62840021,323.61
1788848147.175106844,2778.545825,63.647408,151.532616785,1.907257344e+09,2779034365,63733285,323.61
1788848149.508471063,2781.811938,64.661191,154.031351994,1.908072448e+09,2782211881,64814112,306.34
1788848152.019904577,2785.058321,65.59311,156.321150679,1.909395456e+09,2785102770,65597005,306.34
1788848154.061296861,2789.191776,65.63203,156.50314878,1.908944896e+09,2789229062,65632086,282.05
1788848156.094696252,2793.354299,65.641779,156.546291772,1.90988288e+09,2793387159,65641854,282.05
1788848158.125422458,2797.511478,65.645899,156.557430418,1.91072256e+09,2797548631,65645946,282.05
1788848160.159230289,2801.675977,65.650598,156.569105195,1.91158272e+09,2801708827,65650651,259.70
1788848162.189545190,2805.822592,65.656484,156.580532539,1.912352768e+09,2805857418,65656547,259.70
1788848164.220995238,2809.974273,65.662751,156.600875558,1.913540608e+09,2810007018,65662787,239.07
1788848166.251695092,2814.120791,65.669699,156.616812881,1.91424512e+09,2814158298,65669743,239.07
1788848168.283556629,2818.267853,65.674862,156.623192966,1.914150912e+09,2818298604,65674907,239.07
1788848170.312721146,2822.416089,65.680856,156.640037168,1.914896384e+09,2822447992,65680893,220.08
1788848172.343224045,2826.561012,65.684481,156.642923948,1.915895808e+09,2826593866,65684519,220.08
1788848174.374041542,2830.708317,65.693081,156.668234625,1.916710912e+09,2830741321,65693116,202.70
1788848176.405355291,2834.851526,65.698888,156.690558063,1.91756288e+09,2834891930,65699065,202.70
1788848178.439994606,2839.006226,65.702417,156.692707733,1.918836736e+09,2839038946,65702470,186.63
1788848180.471041264,2843.151492,65.706412,156.705022379,1.987633152e+09,2843174825,65706425,186.63
1788848182.502206933,2847.284006,65.70984,156.707166192,1.953763328e+09,2847316870,65709889,186.63
1788848184.533679404,2851.412431,65.725026,156.767028418,1.954082816e+09,2851445260,65725069,171.84
1788848186.563853988,2855.568931,65.732133,156.787924215,1.954484224e+09,2855599709,65732175,171.84
1788848188.594179676,2859.717652,65.739228,156.804233143,1.954971648e+09,2859754979,65739283,158.56
1788848190.628063690,2863.869403,65.743187,156.808715027,1.956057088e+09,2863902329,65743233,158.56
1788848192.658770195,2868.010621,65.748969,156.821700965,1.955885056e+09,2868047139,65749149,158.56
1788848194.692464213,2872.161268,65.754399,156.832376951,1.955852288e+09,2872194079,65754446,146.02
1788848196.723331981,2876.300639,65.760165,156.844654162,1.956306944e+09,2876331341,65760229,146.02
1788848198.752682201,2880.444481,65.768194,156.870234121,1.956786176e+09,2880485801,65768388,134.73
1788848200.789304284,2884.619868,65.777821,156.921539906,1.95719168e+09,2884650638,65777862,134.73
1788848202.818912129,2888.762586,65.782474,156.926203145,1.957715968e+09,2888796568,65783080,134.73
1788848204.851382316,2892.912761,65.787742,156.935757814,1.958445056e+09,2892945823,65787778,124.10
1788848206.882265442,2897.064395,65.796426,156.959802351,1.958383616e+09,2897099353,65796558,124.10
1788848208.914714284,2901.235619,65.814666,157.028858498,1.958612992e+09,2901282816,65815285,114.96
1788848210.957251223,2905.415799,65.822827,157.058971976,1.959022592e+09,2905450811,65822874,114.96
1788848212.989468460,2909.574324,65.828961,157.070377024,1.959489536e+09,2909611324,65829201,114.96
1788848215.027930400,2913.724742,65.834009,157.08318195,1.960677376e+09,2913757676,65834055,106.00
1788848217.058499136,2917.872592,65.842388,157.115084023,1.961037824e+09,2917905551,65842426,106.00
1788848219.089019924,2922.028867,65.849971,157.130461844,1.961357312e+09,2922068228,65850051,97.83
1788848221.123821008,2926.210334,65.859458,157.162445901,1.961488384e+09,2926255605,65859531,97.83
1788848223.163759212,2930.401032,65.871524,157.20504688,1.962602496e+09,2930440189,65871585,97.83
1788848225.200432319,2934.547697,65.875827,157.213403439,1.963053056e+09,2934580579,65875901,90.24
1788848227.232028013,2938.692353,65.88114,157.229994547,1.963884544e+09,2938727125,65881182,90.24
1788848229.264847859,2942.843499,65.886198,157.246943112,1.9648512e+09,2942880623,65886339,83.41
1788848231.300801811,2947.002998,65.892926,157.263071528,1.965740032e+09,2947039949,65893051,83.41
1788848233.334328103,2951.168526,65.901329,157.295215299,1.966178304e+09,2951205817,65901389,83.41
1788848235.366985717,2955.329785,65.904962,157.300814061,1.966268416e+09,2955370664,65905024,77.05
1788848237.402314683,2959.503874,65.912544,157.326375317,1.967071232e+09,2959540957,65912617,77.05
1788848239.435027195,2963.669927,65.919841,157.354290827,1.967730688e+09,2963708845,65921429,71.28
1788848241.471567328,2967.842423,65.927902,157.378020557,1.968484352e+09,2967879743,65927953,71.28
1788848243.503674310,2972.000251,65.936513,157.414346482,1.969709056e+09,2972037169,65936602,65.89
1788848245.535376215,2976.162916,65.943495,157.427381655,1.970642944e+09,2976201943,65943548,65.89
1788848247.569305825,2980.337748,65.949875,157.444864724,1.970614272e+09,2980372974,65949929,65.89
1788848249.600462251,2984.488471,65.957167,157.464107591,1.97072896e+09,2984519194,65957215,61.10
1788848251.629705819,2988.621492,65.960903,157.473118189,1.971482624e+09,2988654349,65960952,61.10
1788848253.659386795,2992.770657,65.97324,157.49991839,1.972260864e+09,2992803621,65973287,56.36
1788848255.690167948,2996.907468,65.976608,157.501595301,1.973039104e+09,2996939979,65976639,56.36
1788848257.720400924,3000.942976,65.98237,157.517720842,1.886466048e+09,3000974907,65982410,56.36
1788848259.750774594,3005.080045,65.987713,157.533586519,1.83990272e+09,3005112091,65989052,52.09
1788848261.783326269,3009.232462,65.993636,157.54571126,1.818382336e+09,3009265309,65993670,52.09
1788848263.814054658,3013.376194,66.000139,157.563675027,1.818771456e+09,3013409126,66000184,48.08
1788848265.845137807,3017.513084,66.003869,157.568952704,1.819820032e+09,3017546134,66003918,48.08
1788848267.876448052,3021.659467,66.008431,157.573099099,1.8199552e+09,3021696438,66008479,48.08
1788848269.909571687,3025.810206,66.015926,157.593926076,1.8215936e+09,3025843315,66015967,44.63
1788848271.940254050,3029.955245,66.019521,157.598081356,1.82243328e+09,3029988385,66019572,44.63
1788848273.971832629,3034.106134,66.024604,157.608358086,1.822973952e+09,3034136976,66024651,41.22
1788848276.002278577,3038.24546,66.035106,157.64188356,1.823465472e+09,3038282422,66035166,41.22
1788848278.035394364,3042.388955,66.038912,157.650422663,1.824354304e+09,3042421939,66038954,41.22
1788848280.066114378,3046.539762,66.044029,157.663648963,1.826148352e+09,3046574626,66044065,38.31
1788848282.098215839,3050.688935,66.047982,157.670115476,1.829347328e+09,3050719696,66048030,38.31
1788848284.128017857,3054.836896,66.052992,157.682156935,1.82919168e+09,3054867651,66053036,35.49
1788848286.158376548,3058.976293,66.057322,157.693812967,1.829240832e+09,3059021412,66057603,35.49
1788848288.194629504,3063.13078,66.063637,157.719723265,1.829982208e+09,3063163598,66066829,35.49
1788848290.229140945,3067.27875,66.070578,157.737279151,1.83044096e+09,3067309336,66070614,33.05
1788848292.258637475,3071.424706,66.074543,157.742124773,1.831313408e+09,3071455561,66074591,33.05
1788848294.288308208,3075.567842,66.081192,157.764694615,1.832689664e+09,3075600752,66081244,30.64
1788848296.318541152,3079.712387,66.085129,157.77147339,1.832890368e+09,3079745351,66085322,30.64
1788848298.350218063,3083.880839,66.100596,157.815404052,1.83248896e+09,3083924582,66106197,30.64
1788848300.388734865,3088.049658,66.117411,157.874487968,1.8331648e+09,3088082459,66117478,28.67
1788848302.418712411,3092.191905,66.121103,157.877385678,1.834029056e+09,3092224659,66121152,28.67
1788848304.448569621,3096.336895,66.128491,157.901073384,1.834840064e+09,3096371871,66128556,26.61
1788848306.479546348,3100.483162,66.132577,157.91408355,1.835995136e+09,3100516050,66132628,26.61
1788848308.510032691,3104.628996,66.139784,157.927985877,1.83681024e+09,3104661926,66139836,24.80
1788848310.540953906,3108.795319,66.146069,157.939746143,1.85001984e+09,3108834647,66146142,24.80
1788848312.574490909,3112.968625,66.155072,157.970560826,1.849729024e+09,3113005668,66155364,24.80
1788848314.607686611,3117.122676,66.162547,157.992082639,1.85018368e+09,3117155360,66162596,23.05
1788848316.638517192,3121.265971,66.168155,158.002506768,1.850781696e+09,3121298609,66168216,23.05
1788848318.668035971,3125.404413,66.173956,158.01520209,1.85116672e+09,3125437146,66173990,21.53
1788848320.698278165,3129.541722,66.178622,158.03074495,1.85206784e+09,3129574365,66178661,21.53
1788848322.729088523,3133.682323,66.184403,158.042421741,1.852727296e+09,3133717224,66184585,21.53
1788848324.761704555,3137.824765,66.188153,158.047931654,1.852342272e+09,3137855467,66188194,20.12
1788848326.791785679,3141.963962,66.192604,158.057982205,1.853345792e+09,3141994754,66192644,20.12
1788848328.822322448,3146.113039,66.198597,158.070040182,1.853845504e+09,3146146062,66198640,18.83
1788848330.852744523,3150.2586,66.205076,158.084801663,1.854726144e+09,3150295306,66205128,18.83
1788848332.885794017,3154.404005,66.209568,158.095314284,1.855492096e+09,3154443242,66209681,18.83
1788848334.920174418,3158.560602,66.213452,158.104021119,1.856544768e+09,3158593323,66213493,17.48
1788848336.950779801,3162.708762,66.22211,158.141917637,1.857110016e+09,3162743869,66222146,17.48
1788848338.983287554,3166.861503,66.227209,158.156946414,1.856892928e+09,3166894460,66227270,16.40
1788848341.013679007,3171.010459,66.230452,158.159364704,1.857789952e+09,3171041238,66230487,16.40
1788848343.042868224,3175.149157,66.236878,158.183779079,1.858502656e+09,3175184770,66236943,16.40
1788848345.076633678,3179.287387,66.240503,158.188295271,1.859321856e+09,3179318252,66240549,15.25
1788848347.106080570,3183.425837,66.245832,158.202796487,1.860149248e+09,3183458536,66245875,15.25
1788848349.136939634,3187.575964,66.252488,158.228003567,1.86107904e+09,3187608958,66252533,14.51
1788848351.168270177,3191.720582,66.256381,158.234439312,1.861472256e+09,3191751328,66256425,14.51
1788848353.197808912,3195.861303,66.267581,158.270934037,1.861705728e+09,3195892285,66267621,14.51
1788848355.227854488,3200.000237,66.270635,158.273106798,1.862516736e+09,3200032973,66270681,13.59
1788848357.257984554,3204.147193,66.275659,158.287710366,1.863192576e+09,3204178108,66275693,13.59
1788848359.287443052,3208.285125,66.281828,158.310291438,1.864024064e+09,3208317927,66281887,12.98
1788848361.317113656,3212.428398,66.28556,158.317966014,1.865261056e+09,3212465631,66285600,12.98
1788848363.349998922,3216.581834,66.292081,158.342411281,1.866620928e+09,3216617828,66292132,12.98
1788848365.382551011,3220.717065,66.294851,158.346184018,1.865641984e+09,3220749887,66294905,12.10
1788848367.412817793,3224.867133,66.30085,158.36364553,1.866469376e+09,3224901884,66300901,12.10
1788848369.445338663,3229.015505,66.306372,158.385896585,1.888743424e+09,3229048147,66306399,11.45
1788848371.476745012,3233.144803,66.309884,158.387424426,1.889374208e+09,3233177613,66309930,11.45
1788848373.507521776,3237.281908,66.315624,158.404530677,1.890025472e+09,3237314813,66315671,10.69
1788848375.537800388,3241.420757,66.319202,158.411681119,1.89085696e+09,3241453591,66319236,10.69
1788848377.567837759,3245.558302,66.324698,158.42719153,1.890250752e+09,3245593263,66324748,10.69
1788848379.598987366,3249.711459,66.330581,158.440957046,1.890398208e+09,3249744347,66330625,10.24
1788848381.629934345,3253.858682,66.334007,158.446387671,1.890889728e+09,3253889480,66334046,10.24
1788848383.659638604,3258.003402,66.341074,158.46675583,1.891495936e+09,3258036609,66341125,9.58
1788848385.690161340,3262.136754,66.345248,158.468532896,1.892282368e+09,3262167562,66345289,9.58
1788848387.720348208,3266.290301,66.354019,158.499861163,1.8927616e+09,3266335658,66355437,9.58
1788848389.763767543,3270.45319,66.380045,158.595897667,1.89325312e+09,3270488275,66380081,9.29
1788848391.796931074,3274.599441,66.383644,158.598254057,1.893105664e+09,3274632185,66383675,9.29
1788848393.826491445,3278.73409,66.38773,158.615341539,1.893634048e+09,3278767006,66387768,8.71
1788848395.856464425,3282.880747,66.391416,158.619058879,1.894416384e+09,3282917086,66391582,8.71
1788848397.891235959,3287.035142,66.398101,158.641136741,1.894985728e+09,3287069994,66398140,8.71
1788848399.923995699,3291.189423,66.403476,158.662806869,1.896116224e+09,3291226609,66403531,8.41
1788848401.958163705,3295.385671,66.40974,158.681634389,1.899896832e+09,3295417015,66409783,8.41
1788848403.989681982,3299.533686,66.419758,158.71607094,1.89925376e+09,3299566308,66419820,7.98
1788848406.020314442,3303.671569,66.423436,158.721526992,1.90021632e+09,3303706706,66423477,7.98
1788848408.051474189,3307.816159,66.427129,158.726409661,1.901215744e+09,3307848757,66427179,7.98
1788848410.081433977,3311.964235,66.434881,158.752123409,1.901797376e+09,3311997119,66434936,7.66
1788848412.111689031,3316.104697,66.438246,158.753549426,1.902751744e+09,3316145582,66439910,7.66
1788848414.147970322,3320.247029,66.444038,158.773692041,1.903599616e+09,3320281833,66444085,7.20
1788848416.179385344,3324.39089,66.447675,158.781475426,1.904447488e+09,3324430119,66447785,7.20
1788848418.212773066,3328.527941,66.453774,158.80493142,1.90449664e+09,3328569004,66453860,7.20
1788848420.248353334,3332.676085,66.461507,158.82528742,1.904795648e+09,3332708987,66461547,7.11
1788848422.278814928,3336.825748,66.465212,158.832907079,1.905569792e+09,3336856861,66465247,7.11
1788848424.309165546,3340.975007,66.470829,158.847083912,1.906388992e+09,3341007835,66470893,7.02
1788848426.339803985,3345.128131,66.477292,158.861924495,1.907109888e+09,3345165083,66477399,7.02
1788848428.374652129,3349.281922,66.482165,158.871178724,1.908494336e+09,3349321104,66482226,7.02
1788848430.407964897,3353.431411,66.486343,158.877993347,1.9090432e+09,3353464168,66486402,6.86
1788848432.438444090,3357.575092,66.489478,158.887111299,1.908727808e+09,3357610100,66489548,6.86
1788848434.469774113,3361.735247,66.495479,158.905174339,1.909714944e+09,3361768275,66495514,6.47
1788848436.501519143,3365.877169,66.506086,158.930459241,1.910284288e+09,3365910111,66506145,6.47
1788848438.532482911,3370.028107,66.511685,158.9427765,1.911128064e+09,3370063227,66511734,6.35
1788848440.565333264,3374.175917,66.515303,158.948852045,1.912070144e+09,3374211048,66515355,6.35
1788848442.596554269,3378.309695,66.521671,158.960971131,1.913106432e+09,3378340647,66521715,6.35
1788848444.625854546,3382.4529,66.52842,158.975572501,1.91330304e+09,3382486796,66528480,6.00
1788848446.656370907,3386.592084,66.532356,158.988607647,1.913597952e+09,3386627041,66532399,6.00
1788848448.687689239,3390.742523,66.539846,159.009924379,1.91440896e+09,3390775650,66539886,5.92
1788848450.717372903,3394.87921,66.544353,159.01932779,1.915219968e+09,3394910045,66544410,5.92
1788848452.747302214,3399.014562,66.549047,159.032084356,1.91608832e+09,3399053563,66549147,5.92
1788848454.781067358,3403.165956,66.553654,159.043751179,1.917149184e+09,3403196735,66553692,5.61
1788848456.810358950,3407.306985,66.561181,159.086394413,1.918480384e+09,3407339846,66561219,5.61
1788848458.840761387,3411.457299,66.567429,159.103385744,1.918210048e+09,3411492376,66567504,5.48
1788848460.873414045,3415.597219,66.570648,159.105814464,1.918529536e+09,3415628158,66570709,5.48
1788848462.903183546,3419.72778,66.576577,159.127592036,1.919393792e+09,3419766848,66576642,5.48
1788848464.937682025,3423.884286,66.588211,159.158507535,1.920454656e+09,3423923070,66588255,5.20
1788848466.971705045,3428.033229,66.592543,159.173442534,1.921314816e+09,3428064353,66592583,5.20
1788848469.002276872,3432.179403,66.597551,159.190576878,1.92192512e+09,3432212227,66597584,5.18
1788848471.032788556,3436.323132,66.603682,159.203736222,1.92294912e+09,3436356162,66603742,5.18
1788848473.064398222,3440.463961,66.610316,159.223962538,1.92280576e+09,3440499041,66610371,5.18
1788848475.097447578,3444.608782,66.614353,159.232123821,1.923661824e+09,3444643493,66614385,5.01
1788848477.128871669,3448.760509,66.618454,159.244614885,1.924657152e+09,3448795262,66618513,5.01
1788848479.160857595,3452.921292,66.635545,159.313831648,1.925545984e+09,3452955204,66635611,5.09
1788848481.193741504,3457.082076,66.642235,159.33691308,1.961009152e+09,3457115362,66642287,5.09
1788848483.224359738,3461.230579,66.651912,159.371433237,1.961897984e+09,3461261163,66652022,5.09
1788848485.253991972,3465.366467,66.655051,159.376823102,1.961209856e+09,3465413499,66655208,4.92
1788848487.293563829,3469.52433,66.661353,159.402849509,1.961480192e+09,3469561335,66661399,4.92
1788848489.325453124,3473.676713,66.666589,159.41275282,1.96212736e+09,3473710930,66666843,4.93
1788848491.357437913,3477.85484,66.67157,159.423245416,1.962848256e+09,3477898021,66671874,4.93
1788848493.396297484,3482.011442,66.681506,159.473929622,1.963085824e+09,3482048204,66681689,4.93
1788848495.429065945,3486.156918,66.68525,159.481481451,1.96401152e+09,3486185850,66685283,4.77
1788848497.458053075,3490.298537,66.689092,159.495425706,1.96354048e+09,3490331590,66689153,4.77
1788848499.488453807,3494.442332,66.69303,159.502472875,1.963700224e+09,3494475141,66693091,4.71
1788848501.519307634,3498.582405,66.696162,159.504532679,1.964097536e+09,3498615267,66696206,4.71
1788848503.550599830,3502.727806,66.703582,159.530971481,1.964519424e+09,3502762730,66703632,4.49
1788848505.582074954,3506.872232,66.706962,159.53419302,1.96517888e+09,3506905008,66706998,4.49
1788848507.612201018,3511.017312,66.711593,159.548957977,1.9657728e+09,3511049993,66711662,4.49
1788848509.642946524,3515.162903,66.716958,159.562567083,1.966153728e+09,3515193625,66716996,4.45
1788848511.672681403,3519.293198,66.720382,159.564432767,1.966411776e+09,3519324192,66720418,4.45
1788848513.702208950,3523.432191,66.725196,159.577338808,1.966333952e+09,3523463014,66725230,4.26
1788848515.731756806,3527.570666,66.730282,159.58574585,1.966804992e+09,3527607806,66730335,4.26
1788848517.763514629,3531.715212,66.735678,159.609182322,1.967255552e+09,3531748019,66735714,4.26
1788848519.793796013,3535.865289,66.740321,159.626060617,1.968119808e+09,3535898480,66740370,4.32
1788848521.824588951,3540.001409,66.744811,159.6343964,1.968791552e+09,3540034104,66744849,4.32
1788848523.854841544,3544.146663,66.751557,159.658542605,1.96982784e+09,3544177535,66751603,4.13
1788848525.884953554,3548.286624,66.754497,159.660991806,1.970028544e+09,3548326996,66754565,4.13
1788848527.919390842,3552.43184,66.760641,159.679884492,1.970200576e+09,3552464748,66760689,4.13
1788848529.950282385,3556.57864,66.767353,159.70154879,1.971068928e+09,3556611291,66767400,4.12
1788848531.980353864,3560.715146,66.770516,159.703201409,1.971933184e+09,3560748124,66770568,4.12
1788848534.012188763,3564.856965,66.777786,159.724652874,1.97287936e+09,3564892802,66777828,3.95
1788848536.044055549,3568.997736,66.782346,159.730449157,1.97349376e+09,3569032709,66782384,3.95
1788848538.075496866,3573.142074,66.786647,159.738489606,1.974300672e+09,3573177080,66786694,3.95
1788848540.107379339,3577.293811,66.799066,159.778551212,1.974304768e+09,3577324710,66799109,4.03
1788848542.136770491,3581.434679,66.802374,159.780418457,1.974751232e+09,3581465681,66802426,4.03
1788848544.166396743,3585.582009,66.809863,159.802927515,1.975525376e+09,3585614826,66809901,3.87
1788848546.196247655,3589.73495,66.81385,159.811155965,1.976303616e+09,3589770061,66813917,3.87
1788848548.228582796,3593.895848,66.821931,159.833843717,1.977069568e+09,3593943845,66824869,3.87
1788848550.268840684,3598.077228,66.833624,159.864946015,1.978130432e+09,3598108236,66833694,4.04
1788848552.298984455,3602.237469,66.838433,159.872330569,1.978642432e+09,3602274545,66838528,4.04
1788848554.332245739,3606.405099,66.850645,159.906975596,1.978601472e+09,3606444259,66850703,3.96
1788848556.366666863,3610.581182,66.857724,159.935072304,1.979379712e+09,3610625866,66857903,3.96
1788848558.409109248,3614.747272,66.869808,159.974502453,1.980194816e+09,3614788300,66869879,3.96
1788848560.443597057,3618.91158,66.878134,159.993308645,1.98096896e+09,3618947820,66878225,4.04
1788848562.475468066,3622.977843,66.882006,159.999061831,1.851215872e+09,3623015343,66882137,4.04
1788848564.509533106,3627.1509,66.907171,160.079787413,1.85102336e+09,3627194308,66911314,3.96
1788848566.551464525,3631.317664,66.918232,160.117618706,1.826009088e+09,3631356197,66918552,3.96
1788848568.585362686,3635.485599,66.929941,160.153089733,1.826562048e+09,3635526925,66937889,4.04
1788848570.622436365,3639.663407,66.946612,160.192713038,1.827172352e+09,3639700665,66946679,4.04
1788848572.655978195,3643.807553,66.952383,160.20305904,1.827250176e+09,3643842699,66952449,4.04
1788848574.687337736,3647.948602,66.957995,160.217330499,1.82665216e+09,3647981473,66958046,4.04
1788848576.718125480,3652.099917,66.962646,160.238230147,1.827397632e+09,3652136142,66967389,4.04
1788848578.753427235,3656.235795,66.974338,160.265535929,1.82761472e+09,3656272780,66974390,3.96
1788848580.785982250,3660.405523,66.981057,160.282208225,1.82880256e+09,3660448903,66981144,3.96
1788848582.825462515,3664.57961,66.990702,160.311882028,1.829392384e+09,3664620472,66991442,3.96
1788848584.862340524,3668.739566,66.998326,160.337870782,1.834860544e+09,3668770177,66998469,3.80
1788848586.891948979,3672.876083,67.007212,160.370397587,1.83590912e+09,3672906879,67007259,3.80
1788848588.922225414,3677.016502,67.012911,160.387981462,1.835687936e+09,3677047480,67012962,3.73
1788848590.952055284,3681.160645,67.016252,160.391657674,1.835692032e+09,3681193570,67016294,3.73
1788848592.982752513,3685.305238,67.020998,160.402970792,1.836429312e+09,3685346399,67021133,3.73
1788848595.019841426,3689.449434,67.025383,160.416341855,1.83717888e+09,3689480152,67025422,3.60
1788848597.049185754,3693.590045,67.029565,160.427240813,1.837821952e+09,3693620777,67029607,3.60
1788848599.078734145,3697.738493,67.033409,160.43456897,1.838415872e+09,3697771470,67033464,3.71
1788848601.109449710,3701.872677,67.037543,160.445766468,1.84025088e+09,3701905471,67037577,3.71
1788848603.139337759,3706.020562,67.042678,160.454952915,1.839828992e+09,3706056660,67042918,3.71
1788848605.173278943,3710.166161,67.046191,160.458375796,1.83988224e+09,3710197003,67046233,3.57
1788848607.202950368,3714.310798,67.053695,160.48463784,1.840828416e+09,3714345733,67054192,3.57
1788848609.235418516,3718.461736,67.059554,160.497543295,1.84141824e+09,3718496560,67059587,3.77
1788848611.266597208,3722.606765,67.062945,160.499514402,1.842597888e+09,3722645680,67064481,3.77
1788848613.301621143,3726.749713,67.073664,160.527201735,1.843388416e+09,3726783628,67073712,3.77
1788848615.332439945,3730.887223,67.077387,160.535185529,1.852932096e+09,3730920194,67077436,3.62
1788848617.362976091,3735.032139,67.081993,160.548716875,1.852813312e+09,3735065392,67082037,3.62
1788848619.393146167,3739.175445,67.088152,160.559694094,1.852956672e+09,3739206280,67088189,3.73
1788848621.422567302,3743.328963,67.091974,160.562970104,1.85319424e+09,3743364854,67092014,3.73
1788848623.454169213,3747.472174,67.098504,160.581449781,1.85360384e+09,3747502928,67098548,3.73
1788848625.483928145,3751.609215,67.102342,160.588268357,1.854550016e+09,3751642156,67102383,3.60
1788848627.513437943,3755.752642,67.107612,160.6020114,1.855053824e+09,3755785521,67107645,3.60
1788848629.543511141,3759.902713,67.113458,160.621679181,1.8561024e+09,3759937938,67113534,3.71
1788848631.575644454,3764.043659,67.117367,160.628394601,1.856180224e+09,3764075745,67117448,3.71
1788848633.606264450,3768.187673,67.122894,160.646829324,1.85634816e+09,3768220494,67122935,3.57
1788848635.637152848,3772.335682,67.126332,160.650296983,1.857339392e+09,3772375206,67126387,3.57
1788848637.672163842,3776.494219,67.132423,160.671036225,1.857888256e+09,3776525119,67132474,3.57
1788848639.702365728,3780.641217,67.140976,160.693453556,1.858719744e+09,3780674027,67141063,3.69
1788848641.733465906,3784.781251,67.144583,160.700247454,1.859510272e+09,3784812138,67144617,3.69
1788848643.765192903,3788.922671,67.150753,160.721916406,1.860796416e+09,3788954585,67150790,3.55
1788848645.796108884,3793.066021,67.154163,160.724548632,1.860521984e+09,3793098625,67154224,3.55
1788848647.826467820,3797.209667,67.161895,160.750398997,1.86105856e+09,3797244365,67161939,3.55
1788848649.857359382,3801.364044,67.168362,160.769358964,1.861873664e+09,3801397188,67168400,3.51
1788848651.888531954,3805.511049,67.171525,160.772124956,1.862934528e+09,3805543920,67171588,3.51
1788848653.919142006,3809.649335,67.177606,160.792069946,1.863774208e+09,3809684032,67177653,3.39
1788848655.950684586,3813.800641,67.182821,160.804844045,1.864544256e+09,3813837484,67183370,3.39
1788848657.984587222,3817.959155,67.189623,160.824133525,1.86447872e+09,3818006199,67189720,3.39
1788848660.023701737,3822.130693,67.2063,160.910740449,1.865015296e+09,3822163500,67206355,3.59
1788848662.054777276,3826.286435,67.214787,160.951174865,1.86607616e+09,3826325701,67214857,3.59
1788848664.088702878,3830.436303,67.226789,160.994233342,1.866625024e+09,3830475544,67226833,3.55
1788848666.122332081,3834.608277,67.233007,161.010906405,1.86806272e+09,3834653467,67233095,3.55
1788848668.163843587,3838.783516,67.240372,161.032193463,1.86884096e+09,3838827447,67242300,3.55
1788848670.203659480,3842.942295,67.262565,161.121892193,1.868832768e+09,3842981466,67262633,3.82
1788848672.238722126,3847.140679,67.275853,161.162571973,1.869262848e+09,3847184138,67275940,3.82
1788848674.278554116,3851.2956,67.302284,161.261538409,1.887285248e+09,3851335562,67302863,3.68
1788848676.315494048,3855.47984,67.309494,161.287782635,1.889284096e+09,3855517190,67309548,3.68
1788848678.349803825,3859.640829,67.316367,161.314400537,1.893216256e+09,3859675840,67316742,3.68
1788848680.382206212,3863.798697,67.323141,161.332254187,1.894371328e+09,3863831906,67323179,3.78
1788848682.413407748,3867.959822,67.328743,161.341629772,1.895702528e+09,3867990456,67328782,3.78
1788848684.443774897,3872.116484,67.334466,161.355599958,1.897967616e+09,3872153221,67334522,3.64
1788848686.476307951,3876.278729,67.33919,161.373842824,1.89863936e+09,3876313841,67339260,3.64
1788848688.507986553,3880.442745,67.346463,161.396281825,1.898323968e+09,3880475514,67346515,3.67
1788848690.541144609,3884.623019,67.352357,161.417418502,1.900802048e+09,3884657966,67352402,3.67
1788848692.573373449,3888.78081,67.356151,161.424662872,1.902514176e+09,3888815759,67356201,3.67
1788848694.604270163,3892.937387,67.361585,161.437083999,1.903173632e+09,3892970791,67361671,3.62
1788848696.636559718,3897.098848,67.368043,161.460235548,1.906536448e+09,3897132263,67368094,3.62
1788848698.668193068,3901.2444,67.376486,161.486447265,1.907027968e+09,3901281391,67376556,3.65
1788848700.700532974,3905.396388,67.38095,161.492469133,1.907982336e+09,3905431235,67381000,3.65
1788848702.733079904,3909.552042,67.387371,161.505971052,1.911832576e+09,3909588293,67389197,3.65
1788848704.766870015,3913.707061,67.393949,161.518181122,1.91277056e+09,3913742032,67393993,3.51
1788848706.798406842,3917.850802,67.398814,161.525710841,1.912426496e+09,3917883781,67398862,3.51
1788848708.829194294,3921.996967,67.410304,161.557481933,1.912897536e+09,3922030002,67410354,3.63
1788848710.859580743,3926.13911,67.415548,161.563607289,1.913913344e+09,3926175669,67415597,3.63
1788848712.891223382,3930.286463,67.421469,161.576653554,1.914351616e+09,3930321183,67421581,3.63
1788848714.924836194,3934.43247,67.426791,161.58953716,1.915150336e+09,3934473135,67427682,3.50
1788848716.959428496,3938.588148,67.431636,161.601197713,1.915817984e+09,3938625191,67431719,3.50
1788848718.991859357,3942.740548,67.437444,161.61272589,1.917227008e+09,3942773763,67437498,3.62
1788848721.023183029,3946.881873,67.441291,161.621504964,1.916608512e+09,3946916790,67441341,3.62
1788848723.055401481,3951.032787,67.446302,161.634411019,1.91739904e+09,3951071747,67446401,3.62
1788848725.091143331,3955.180884,67.450513,161.643581114,1.918488576e+09,3955213822,67450549,3.49
1788848727.121779342,3959.326234,67.456214,161.668683107,1.919111168e+09,3959358675,67456312,3.49
1788848729.153502621,3963.473579,67.466189,161.710078607,1.920315392e+09,3963508852,67466229,3.77
1788848731.184645791,3967.623638,67.469682,161.714015048,1.921449984e+09,3967658311,67469723,3.77
1788848733.215249286,3971.762665,67.475092,161.740080192,1.92129024e+09,3971795479,67476194,3.77
1788848735.245996812,3975.901389,67.480333,161.751893015,1.922023424e+09,3975932199,67480374,3.63
1788848737.275802671,3980.04046,67.487447,161.780587453,1.922859008e+09,3980073159,67487485,3.63
1788848739.306481005,3984.190079,67.491984,161.786549879,1.923403776e+09,3984222972,67492096,3.98
1788848741.339066455,3988.331754,67.495049,161.789013256,1.924698112e+09,3988368046,67495582,3.98
1788848743.372022677,3992.474641,67.500294,161.801827794,1.960177664e+09,3992507220,67500352,3.98
1788848745.402462152,3996.609481,67.503877,161.808615204,1.960206336e+09,3996640404,67503925,3.82
1788848747.432172602,4000.764457,67.508562,161.818018543,1.959964672e+09,4000803504,67508681,3.82
1788848749.468617748,4004.944082,67.525455,161.872606524,1.960296448e+09,4004981173,67525529,4.08
1788848751.500656306,4009.091063,67.537103,161.927176237,1.960730624e+09,4009121890,67537138,4.08
1788848753.529987920,4013.229864,67.543744,161.945503351,1.961086976e+09,4013260710,67543786,3.91
1788848755.559446327,4017.366576,67.548983,161.961113138,1.9618816e+09,4017397384,67549028,3.91
1788848757.589275467,4021.513803,67.554083,161.979080466,1.96255744e+09,4021546879,67554129,3.91
1788848759.619493779,4025.663499,67.557918,161.986377756,1.962061824e+09,4025696271,67557965,3.92
1788848761.650536322,4029.826557,67.565168,162.008128998,1.96261888e+09,4029863856,67565277,3.92
1788848763.684029835,4033.983284,67.573996,162.041761491,1.963081728e+09,4034016153,67574042,3.84
1788848765.714240203,4038.120445,67.577617,162.044117192,1.963626496e+09,4038155131,67577665,3.84
1788848767.745364875,4042.270445,67.58229,162.061202323,1.963900928e+09,4042305159,67582352,3.84
1788848769.777302973,4046.405236,67.589108,162.085633951,1.964437504e+09,4046435940,67589146,3.86
1788848771.807205847,4050.54272,67.59302,162.091086303,1.965084672e+09,4050573305,67593065,3.86
1788848773.836742465,4054.679117,67.599868,162.109357469,1.964949504e+09,4054714238,67599919,3.71
1788848775.867808261,4058.826486,67.603982,162.117385867,1.965285376e+09,4058863583,67604030,3.71
1788848777.901330241,4062.971778,67.613255,162.161642472,1.96562944e+09,4063002621,67613293,3.71
1788848779.931071964,4067.117791,67.618398,162.179554285,1.965973504e+09,4067154805,67618482,3.65
1788848781.964350802,4071.265221,67.621833,162.182443462,1.966436352e+09,4071295914,67621895,3.65
1788848783.993999190,4075.404304,67.628609,162.208473709,1.967611904e+09,4075437141,67628660,3.52
1788848786.025314486,4079.552944,67.632785,162.22222045,1.968668672e+09,4079585855,67632864,3.52
1788848788.055695981,4083.691502,67.637039,162.233372869,1.967878144e+09,4083722422,67637079,3.52
1788848790.084996973,4087.828087,67.645177,162.261032525,1.968644096e+09,4087860841,67645218,3.56
1788848792.115080867,4091.971829,67.648884,162.271149475,1.969717248e+09,4092002794,67648919,3.56
1788848794.144793872,4096.108185,67.653902,162.285900374,1.970266112e+09,4096138848,67653935,3.43
1788848796.174179504,4100.244284,67.658161,162.296409204,1.971265536e+09,4100277921,67658239,3.43
1788848798.205358470,4104.397791,67.663195,162.30789617,1.972195328e+09,4104432431,67663333,3.43
1788848800.238922273,4108.55784,67.667072,162.318001037,1.972166656e+09,4108591209,67667113,3.56
1788848802.269359715,4112.695079,67.671228,162.32339195,1.97240832e+09,4112728018,67671289,3.56
1788848804.300446418,4116.842791,67.676679,162.337459768,1.973153792e+09,4116873532,67676714,3.43
1788848806.330122674,4120.986103,67.682283,162.35684913,1.97392384e+09,4121022874,67683153,3.43
1788848808.363341948,4125.137974,67.687765,162.371674537,1.974706176e+09,4125174663,67688350,3.43
1788848810.396273385,4129.285873,67.694138,162.384508978,1.975595008e+09,4129316681,67694175,3.56
1788848812.425569779,4133.425035,67.698679,162.395683402,1.976905728e+09,4133456035,67698733,3.56
1788848814.455023625,4137.573449,67.704653,162.409816278,1.97619712e+09,4137604505,67704697,3.43
1788848816.484510858,4141.722039,67.708989,162.415847586,1.976987648e+09,4141754629,67709026,3.43
1788848818.514131594,4145.856747,67.715997,162.441006152,1.977761792e+09,4145895736,67716049,3.64
1788848820.548348376,4149.902581,67.719114,162.445008481,1.840398336e+09,4149933477,67719155,3.64
1788848822.578558419,4154.052128,67.722476,162.44800049,1.821560832e+09,4154091438,67723992,3.64
1788848824.615646941,4158.200827,67.731206,162.47349655,1.822851072e+09,4158233923,67731242,3.51
1788848826.646414452,4162.345322,67.734863,162.486734556,1.823424512e+09,4162378336,67734919,3.51
1788848828.677105061,4166.496264,67.741789,162.506000781,1.823911936e+09,4166533220,67741834,3.63
1788848830.710273650,4170.640718,67.746787,162.520027296,1.824247808e+09,4170671950,67746834,3.63
1788848832.741874347,4174.789259,67.750664,162.530612806,1.824878592e+09,4174824241,67750736,3.63
1788848834.773651196,4178.933651,67.754782,162.536986006,1.825779712e+09,4178966486,67754843,3.50
1788848836.803668165,4183.075539,67.762223,162.558344252,1.825468416e+09,4183106437,67762259,3.50
1788848838.834133485,4187.240766,67.775643,162.617698562,1.826033664e+09,4187284797,67775722,3.70
1788848840.874485102,4191.413961,67.781075,162.635804295,1.826893824e+09,4191446943,67781135,3.70
1788848842.905172900,4195.555172,67.786105,162.649608584,1.830096896e+09,4195591903,67786789,3.70
1788848844.939317046,4199.711708,67.791462,162.659543802,1.830535168e+09,4199744584,67791523,3.56
1788848846.970288050,4203.858189,67.799696,162.685474321,1.830658048e+09,4203891002,67799725,3.56
1788848849.000460047,4207.997952,67.803591,162.690922073,1.831530496e+09,4208030504,67803631,3.60
1788848851.030809253,4212.162597,67.809681,162.707778696,1.831534592e+09,4212206074,67809764,3.60
1788848853.071551660,4216.323306,67.824776,162.78935757,1.831931904e+09,4216359015,67824952,3.60
1788848855.104320051,4220.465043,67.829351,162.795534004,1.832747008e+09,4220497827,67829397,3.55
1788848857.134433933,4224.607773,67.836992,162.822264915,1.833353216e+09,4224641489,67837037,3.55
1788848859.164620518,4228.752579,67.841155,162.827639315,1.83453696e+09,4228787534,67841238,3.59
1788848861.196119437,4232.892077,67.844635,162.837011295,1.835524096e+09,4232924964,67844673,3.59
1788848863.226971370,4237.034632,67.852745,162.859192085,1.835802624e+09,4237067610,67852802,3.59
1788848865.257538690,4241.190102,67.858227,162.868006954,1.835810816e+09,4241223611,67858276,3.46
1788848867.289078854,4245.349182,67.866115,162.890559606,1.836785664e+09,4245384108,67866171,3.46
1788848869.321070587,4249.504925,67.875989,162.934204952,1.837297664e+09,4249537789,67876037,3.74
1788848871.351260751,4253.661674,67.881332,162.947410091,1.855545344e+09,4253698717,67881399,3.74
1788848873.383523355,4257.822391,67.890405,162.991934897,1.855893504e+09,4257857640,67890445,3.74
1788848875.414628310,4261.984248,67.896369,163.001962626,1.856638976e+09,4262023562,67896463,3.68
1788848877.448639343,4266.156647,67.902658,163.024778113,1.856139264e+09,4266193736,67902715,3.68
1788848879.481083690,4270.322742,67.913174,163.069602813,1.856610304e+09,4270358085,67913239,3.79
1788848881.514043781,4274.481626,67.918212,163.083812219,1.857204224e+09,4274520768,67918465,3.79
1788848883.546587653,4278.637744,67.923478,163.101941499,1.857806336e+09,4278670732,67923524,3.64
1788848885.577288748,4282.772418,67.928458,163.113370593,1.858658304e+09,4282805355,67928508,3.64
1788848887.607292689,4286.919029,67.933944,163.136748826,1.85925632e+09,4286951922,67933979,3.64
1788848889.638007339,4291.084786,67.939703,163.150673977,1.860231168e+09,4291117474,67939840,3.75
1788848891.670052379,4295.225485,67.944107,163.158670649,1.859780608e+09,4295258425,67944162,3.75
1788848893.701789147,4299.372233,67.948717,163.168557953,1.860804608e+09,4299402923,67948769,3.61
1788848895.731704498,4303.515637,67.9522,163.170122044,1.861341184e+09,4303548624,67952248,3.61
1788848897.763445587,4307.665844,67.959212,163.194314513,1.86208256e+09,4307698657,67959252,3.61
1788848899.793561156,4311.801627,67.964579,163.208703496,1.862762496e+09,4311834023,67964766,3.64
1788848901.824323827,4315.95365,67.971149,163.218364249,1.864196096e+09,4315986603,67971185,3.64
1788848903.855563166,4320.102004,67.976177,163.231369626,1.863979008e+09,4320135085,67976215,3.51
1788848905.885589024,4324.250208,67.981065,163.237785894,1.864245248e+09,4324285232,67981126,3.51
1788848907.917597654,4328.399596,67.987136,163.255421365,1.86505216e+09,4328432329,67987173,3.51
1788848909.948144604,4332.547559,67.992077,163.273419407,1.865940992e+09,4332580437,67992120,3.55
1788848911.979019146,4336.700974,67.997025,163.284462397,1.866661888e+09,4336733841,67997067,3.55
1788848914.010011786,4340.845945,68.001503,163.292413549,1.867669504e+09,4340876609,68001538,3.43
1788848916.040792979,4344.986943,68.006413,163.304313402,1.86861568e+09,4345022139,68006467,3.43
1788848918.073379863,4349.134956,68.011415,163.315788622,1.86863616e+09,4349166072,68011456,3.43
1788848920.103420971,4353.290495,68.019673,163.348483969,1.869336576e+09,4353323207,68019720,3.55
1788848922.133861307,4357.431988,68.022621,163.349987053,1.869914112e+09,4357462853,68022676,3.55
1788848924.164061632,4361.565275,68.028685,163.368164009,1.870733312e+09,4361598104,68028739,3.43
1788848926.193459314,4365.700512,68.032877,163.383686057,1.871781888e+09,4365734580,68033036,3.43
1788848928.224870160,4369.863539,68.044312,163.426178174,1.872658432e+09,4369913415,68046893,3.43
1788848930.272383189,4374.043076,68.060653,163.491040816,1.895481344e+09,4374078084,68060682,3.71
1788848932.303765097,4378.189892,68.064544,163.501419468,1.895129088e+09,4378222898,68064582,3.71
1788848934.333692226,4382.327436,68.070296,163.521208492,1.895276544e+09,4382360442,68070341,3.58
1788848936.364790048,4386.478194,68.077695,163.539561795,1.895804928e+09,4386515206,68077803,3.58
1788848938.399365286,4390.623608,68.089068,163.56836269,1.896271872e+09,4390662871,68089133,3.58
1788848940.434094975,4394.796725,68.095765,163.579648338,1.89679616e+09,4394840062,68095851,3.61
1788848942.473968760,4398.983549,68.103698,163.606369476,1.89741056e+09,4399014732,68103736,3.61
